TAP Portugal,Berlin (BER),Rio de... (GIG),584,1765,1,17:15,17:40,Tuesday,1/08/2023
TAP Portugal,Berlin (BER),Rio de... (GIG),704,1030,1,17:15,05:25,Tuesday,1/08/2023
TAP Portugal,Berlin (BER),Rio de... (GIG),770,995,2,17:50,05:25,Tuesday,1/08/2023
Multiple airlines,Berlin (BER),Rio de... (GIG),815,995,2,17:50,05:25,Tuesday,1/08/2023
KLM,Berlin (BER),Rio de... (GIG),956,1685,1,20:40,19:45,Tuesday,1/08/2023
KLM,Berlin (BER),Rio de... (GIG),956,1795,1,18:50,19:45,Tuesday,1/08/2023
KLM,Berlin (BER),Rio de... (GIG),956,1875,1,17:30,19:45,Tuesday,1/08/2023
KLM,Berlin (BER),Rio de... (GIG),1082,940,1,09:05,19:45,Tuesday,1/08/2023
KLM,Berlin (BER),Rio de... (GIG),1082,1125,1,06:00,19:45,Tuesday,1/08/2023
Lufthansa,Berlin (BER),Rio de... (GIG),1163,855,1,09:50,19:05,Tuesday,1/08/2023
Lufthansa,Berlin (BER),Rio de... (GIG),1163,915,1,08:50,19:05,Tuesday,1/08/2023
Lufthansa,Berlin (BER),Rio de... (GIG),1163,1005,1,07:20,19:05,Tuesday,1/08/2023
Swiss International Air Lines,Berlin (BER),Rio de... (GIG),1168,1125,2,19:45,09:30,Tuesday,1/08/2023
Swiss International Air Lines,Berlin (BER),Rio de... (GIG),1168,1185,2,18:45,09:30,Tuesday,1/08/2023
Multiple airlines,Berlin (BER),Rio de... (SDU),1185,1040,2,20:30,08:50,Tuesday,1/08/2023
Multiple airlines,Berlin (BER),Rio de... (SDU),1185,1085,2,19:45,08:50,Tuesday,1/08/2023
Multiple airlines,Berlin (BER),Rio de... (SDU),1185,1115,2,20:30,10:05,Tuesday,1/08/2023
Multiple airlines,Berlin (BER),Rio de... (SDU),1185,1145,2,18:45,08:50,Tuesday,1/08/2023
Multiple airlines,Berlin (BER),Rio de... (SDU),1185,1160,2,19:45,10:05,Tuesday,1/08/2023
Multiple airlines,Berlin (BER),Rio de... (SDU),1185,1205,2,19:45,10:50,Tuesday,1/08/2023
Multiple airlines,Berlin (BER),Rio de... (SDU),1185,1220,2,18:45,10:05,Tuesday,1/08/2023
Multiple airlines,Berlin (BER),Rio de... (SDU),1185,1265,2,18:45,10:50,Tuesday,1/08/2023
Multiple airlines,Berlin (BER),Rio de... (SDU),1185,1280,2,18:45,11:05,Tuesday,1/08/2023
Multiple airlines,Berlin (BER),Rio de... (SDU),1185,1310,2,20:30,13:20,Tuesday,1/08/2023
Multiple airlines,Berlin (BER),Rio de... (SDU),1185,1355,2,19:45,13:20,Tuesday,1/08/2023
TAP Portugal,Berlin (BER),Rio de... (GIG),584,1000,1,06:00,17:40,Wednesday,2/08/2023
TAP Portugal,Berlin (BER),Rio de... (GIG),584,1030,1,17:15,05:25,Wednesday,2/08/2023
TAP Portugal,Berlin (BER),Rio de... (GIG),584,1275,1,13:10,05:25,Wednesday,2/08/2023
KLM,Berlin (BER),Rio de... (GIG),956,940,1,09:05,19:45,Wednesday,2/08/2023
KLM,Berlin (BER),Rio de... (GIG),956,1125,1,06:00,19:45,Wednesday,2/08/2023
KLM,Berlin (BER),Rio de... (GIG),1082,1685,1,20:40,19:45,Wednesday,2/08/2023
Air France,Berlin (BER),Rio de... (GIG),1089,1685,1,20:30,19:35,Wednesday,2/08/2023
Swiss International Air Lines,Berlin (BER),Rio de... (GIG),1168,1080,2,20:30,09:30,Wednesday,2/08/2023
Swiss International Air Lines,Berlin (BER),Rio de... (GIG),1168,1125,2,19:45,09:30,Wednesday,2/08/2023
Lufthansa,Berlin (BER),Rio de... (GIG),1175,1020,2,19:45,07:45,Wednesday,2/08/2023
Lufthansa,Berlin (BER),Rio de... (GIG),1175,1080,2,18:45,07:45,Wednesday,2/08/2023
Lufthansa,Berlin (BER),Rio de... (GIG),1175,1140,2,17:45,07:45,Wednesday,2/08/2023
Lufthansa,Berlin (BER),Rio de... (GIG),1175,1200,2,16:45,07:45,Wednesday,2/08/2023
Lufthansa,Berlin (BER),Rio de... (GIG),1175,1320,2,14:45,07:45,Wednesday,2/08/2023
Lufthansa,Berlin (BER),Rio de... (GIG),1175,1380,2,13:45,07:45,Wednesday,2/08/2023
Lufthansa,Berlin (BER),Rio de... (GIG),1175,1405,2,19:45,14:10,Wednesday,2/08/2023
Lufthansa,Berlin (BER),Rio de... (GIG),1175,1465,2,18:45,14:10,Wednesday,2/08/2023
Multiple airlines,Berlin (BER),Rio de... (SDU),1185,1040,2,20:30,08:50,Wednesday,2/08/2023
Multiple airlines,Berlin (BER),Rio de... (SDU),1185,1085,2,19:45,08:50,Wednesday,2/08/2023
Multiple airlines,Berlin (BER),Rio de... (SDU),1185,1115,2,20:30,10:05,Wednesday,2/08/2023
Multiple airlines,Berlin (BER),Rio de... (SDU),1185,1145,2,18:45,08:50,Wednesday,2/08/2023
Multiple airlines,Berlin (BER),Rio de... (SDU),1185,1160,2,19:45,10:05,Wednesday,2/08/2023
Multiple airlines,Berlin (BER),Rio de... (SDU),1185,1160,2,20:30,10:50,Wednesday,2/08/2023
Multiple airlines,Berlin (BER),Rio de... (SDU),1185,1175,2,20:30,11:05,Wednesday,2/08/2023
Multiple airlines,Berlin (BER),Rio de... (SDU),1185,1205,2,19:45,10:50,Wednesday,2/08/2023
TAP Portugal,Berlin (BER),Rio de... (GIG),704,1030,1,17:15,05:25,Thursday,3/08/2023
TAP Portugal,Berlin (BER),Rio de... (GIG),777,1000,2,17:45,05:25,Thursday,3/08/2023
TAP Portugal,Berlin (BER),Rio de... (GIG),907,1000,2,17:45,05:25,Thursday,3/08/2023
Multiple airlines,Berlin (BER),Rio de... (GIG),952,1000,2,17:45,05:25,Thursday,3/08/2023
Air France,Berlin (BER),Rio de... (GIG),1079,1100,1,06:15,19:35,Thursday,3/08/2023
KLM,Berlin (BER),Rio de... (GIG),1082,940,1,09:05,19:45,Thursday,3/08/2023
KLM,Berlin (BER),Rio de... (GIG),1082,1125,1,06:00,19:45,Thursday,3/08/2023
KLM,Berlin (BER),Rio de... (GIG),1082,1685,1,20:40,19:45,Thursday,3/08/2023
Lufthansa,Berlin (BER),Rio de... (GIG),1175,1020,2,19:45,07:45,Thursday,3/08/2023
Lufthansa,Berlin (BER),Rio de... (GIG),1175,1140,2,17:45,07:45,Thursday,3/08/2023
Lufthansa,Berlin (BER),Rio de... (GIG),1175,1200,2,16:45,07:45,Thursday,3/08/2023
Lufthansa,Berlin (BER),Rio de... (GIG),1175,1320,2,14:45,07:45,Thursday,3/08/2023
Lufthansa,Berlin (BER),Rio de... (GIG),1175,1380,2,13:45,07:45,Thursday,3/08/2023
LATAM Airlines Group,Berlin (BER),Rio de... (GIG),1300,1080,2,18:45,07:45,Thursday,3/08/2023
Multiple airlines,Berlin (BER),Rio de... (GIG),1300,1080,2,18:45,07:45,Thursday,3/08/2023
LATAM Airlines Group,Berlin (BER),Rio de... (SDU),1300,1145,2,18:45,08:50,Thursday,3/08/2023
LATAM Airlines Group,Berlin (BER),Rio de... (GIG),1300,1185,2,18:45,09:30,Thursday,3/08/2023
LATAM Airlines Group,Berlin (BER),Rio de... (SDU),1300,1220,2,18:45,10:05,Thursday,3/08/2023
LATAM Airlines Group,Berlin (BER),Rio de... (SDU),1300,1415,2,18:45,13:20,Thursday,3/08/2023
LATAM Airlines Group,Berlin (BER),Rio de... (GIG),1300,1465,2,18:45,14:10,Thursday,3/08/2023
British Airways,Berlin (BER),Rio de... (GIG),1321,1085,1,07:05,20:10,Thursday,3/08/2023
Lufthansa,Berlin (BER),Rio de... (GIG),1345,855,1,09:50,19:05,Thursday,3/08/2023
Lufthansa,Berlin (BER),Rio de... (GIG),1345,915,1,08:50,19:05,Thursday,3/08/2023
Lufthansa,Berlin (BER),Rio de... (GIG),1345,1005,1,07:20,19:05,Thursday,3/08/2023
Lufthansa,Berlin (BER),Rio de... (GIG),1345,1065,1,06:20,19:05,Thursday,3/08/2023
TAP Portugal,Berlin (BER),Rio de... (GIG),634,1030,1,17:15,05:25,Friday,4/08/2023
TAP Portugal,Berlin (BER),Rio de... (GIG),634,1275,1,13:10,05:25,Friday,4/08/2023
TAP Portugal,Berlin (BER),Rio de... (GIG),707,1000,2,17:45,05:25,Friday,4/08/2023
TAP Portugal,Berlin (BER),Rio de... (GIG),850,995,2,17:50,05:25,Friday,4/08/2023
TAP Portugal,Berlin (BER),Rio de... (GIG),857,1675,2,18:45,17:40,Friday,4/08/2023
TAP Portugal,Berlin (BER),Rio de... (GIG),907,1000,2,17:45,05:25,Friday,4/08/2023
KLM,Berlin (BER),Rio de... (GIG),956,940,1,09:05,19:45,Friday,4/08/2023
KLM,Berlin (BER),Rio de... (GIG),956,1125,1,06:00,19:45,Friday,4/08/2023
KLM,Berlin (BER),Rio de... (GIG),1082,1685,1,20:40,19:45,Friday,4/08/2023
Multiple airlines,Berlin (BER),Rio de... (GIG),1144,1195,2,16:50,07:45,Friday,4/08/2023
Lufthansa,Berlin (BER),Rio de... (GIG),1175,1020,2,19:45,07:45,Friday,4/08/2023
Lufthansa,Berlin (BER),Rio de... (GIG),1175,1080,2,18:45,07:45,Friday,4/08/2023
Lufthansa,Berlin (BER),Rio de... (GIG),1175,1140,2,17:45,07:45,Friday,4/08/2023
Lufthansa,Berlin (BER),Rio de... (GIG),1175,1320,2,14:45,07:45,Friday,4/08/2023
Multiple airlines,Berlin (BER),Rio de... (SDU),1185,1040,2,20:30,08:50,Friday,4/08/2023
Multiple airlines,Berlin (BER),Rio de... (GIG),1185,1080,2,20:30,09:30,Friday,4/08/2023
Multiple airlines,Berlin (BER),Rio de... (SDU),1185,1085,2,19:45,08:50,Friday,4/08/2023
Multiple airlines,Berlin (BER),Rio de... (SDU),1185,1115,2,20:30,10:05,Friday,4/08/2023
Multiple airlines,Berlin (BER),Rio de... (GIG),1185,1125,2,19:45,09:30,Friday,4/08/2023
Multiple airlines,Berlin (BER),Rio de... (SDU),1185,1160,2,19:45,10:05,Friday,4/08/2023
Multiple airlines,Berlin (BER),Rio de... (SDU),1185,1160,2,20:30,10:50,Friday,4/08/2023
Multiple airlines,Berlin (BER),Rio de... (GIG),1185,1160,2,20:30,10:50,Friday,4/08/2023
Multiple airlines,Berlin (BER),Rio de... (GIG),1185,1185,2,20:30,11:15,Friday,4/08/2023
Multiple airlines,Berlin (BER),Rio de... (SDU),1185,1205,2,19:45,10:50,Friday,4/08/2023
Multiple airlines,Berlin (BER),Rio de... (GIG),1185,1230,2,19:45,11:15,Friday,4/08/2023
TAP Portugal,Berlin (BER),Rio de... (GIG),584,1000,1,06:00,17:40,Saturday,5/08/2023
TAP Portugal,Berlin (BER),Rio de... (GIG),770,995,2,17:50,05:25,Saturday,5/08/2023
TAP Portugal,Berlin (BER),Rio de... (GIG),784,1030,1,17:15,05:25,Saturday,5/08/2023
KLM,Berlin (BER),Rio de... (GIG),956,1125,1,06:00,19:45,Saturday,5/08/2023
Air France,Berlin (BER),Rio de... (GIG),963,1685,1,20:30,19:35,Saturday,5/08/2023
KLM,Berlin (BER),Rio de... (GIG),1082,940,1,09:05,19:45,Saturday,5/08/2023
British Airways,Berlin (BER),Rio de... (GIG),1097,1685,1,21:00,20:05,Saturday,5/08/2023
British Airways,Berlin (BER),Rio de... (GIG),1097,1750,1,19:55,20:05,Saturday,5/08/2023
Lufthansa,Berlin (BER),Rio de... (GIG),1175,1080,2,18:45,07:45,Saturday,5/08/2023
Lufthansa,Berlin (BER),Rio de... (GIG),1175,1140,2,17:45,07:45,Saturday,5/08/2023
Lufthansa,Berlin (BER),Rio de... (GIG),1175,1200,2,16:45,07:45,Saturday,5/08/2023
Lufthansa,Berlin (BER),Rio de... (GIG),1175,1320,2,14:45,07:45,Saturday,5/08/2023
Multiple airlines,Berlin (BER),Rio de... (SDU),1185,1145,2,18:45,08:50,Saturday,5/08/2023
Multiple airlines,Berlin (BER),Rio de... (SDU),1185,1220,2,18:45,10:05,Saturday,5/08/2023
Air France,Berlin (BER),Rio de... (GIG),1241,1100,1,06:15,19:35,Saturday,5/08/2023
Turkish Airlines,Berlin (BER),Rio de... (SDU),1251,1875,2,19:35,21:50,Saturday,5/08/2023
Multiple airlines,Berlin (BER),Rio de... (GIG),1300,1080,2,18:45,07:45,Saturday,5/08/2023
LATAM Airlines Group,Berlin (BER),Rio de... (GIG),1300,1080,2,18:45,07:45,Saturday,5/08/2023
LATAM Airlines Group,Berlin (BER),Rio de... (SDU),1300,1145,2,18:45,08:50,Saturday,5/08/2023
LATAM Airlines Group,Berlin (BER),Rio de... (GIG),1300,1185,2,18:45,09:30,Saturday,5/08/2023
LATAM Airlines Group,Berlin (BER),Rio de... (SDU),1300,1220,2,18:45,10:05,Saturday,5/08/2023
LATAM Airlines Group,Berlin (BER),Rio de... (GIG),1300,1285,2,18:45,11:10,Saturday,5/08/2023
LATAM Airlines Group,Berlin (BER),Rio de... (SDU),1300,1475,2,18:45,14:20,Saturday,5/08/2023
Swiss International Air Lines,Berlin (BER),Rio de... (GIG),1350,1185,2,18:45,09:30,Saturday,5/08/2023
Lufthansa,Berlin (BER),Rio de... (GIG),1357,1020,2,19:45,07:45,Saturday,5/08/2023
TAP Portugal,Berlin (BER),Rio de... (GIG),584,1000,1,06:00,17:40,Sunday,6/08/2023
TAP Portugal,Berlin (BER),Rio de... (GIG),634,1275,1,13:10,05:25,Sunday,6/08/2023
TAP Portugal,Berlin (BER),Rio de... (GIG),700,1115,2,15:50,05:25,Sunday,6/08/2023
TAP Portugal,Berlin (BER),Rio de... (GIG),857,1000,2,17:45,05:25,Sunday,6/08/2023
TAP Portugal,Berlin (BER),Rio de... (GIG),857,1360,2,11:45,05:25,Sunday,6/08/2023
TAP Portugal,Berlin (BER),Rio de... (GIG),857,1420,2,10:45,05:25,Sunday,6/08/2023
TAP Portugal,Berlin (BER),Rio de... (GIG),857,1420,2,10:45,05:25,Sunday,6/08/2023
TAP Portugal,Berlin (BER),Rio de... (GIG),857,1600,2,07:45,05:25,Sunday,6/08/2023
TAP Portugal,Berlin (BER),Rio de... (GIG),857,1600,2,07:45,05:25,Sunday,6/08/2023
TAP Portugal,Berlin (BER),Rio de... (GIG),900,995,2,17:50,05:25,Sunday,6/08/2023
TAP Portugal,Berlin (BER),Rio de... (GIG),900,1115,2,15:50,05:25,Sunday,6/08/2023
Multiple airlines,Berlin (BER),Rio de... (GIG),902,1000,2,17:45,05:25,Sunday,6/08/2023
Air France,Berlin (BER),Rio de... (GIG),953,1100,1,06:15,19:35,Sunday,6/08/2023
KLM,Berlin (BER),Rio de... (GIG),956,1125,1,06:00,19:45,Sunday,6/08/2023
KLM,Berlin (BER),Rio de... (GIG),956,1795,1,18:50,19:45,Sunday,6/08/2023
British Airways,Berlin (BER),Rio de... (GIG),1097,1075,1,07:10,20:05,Sunday,6/08/2023
LATAM Airlines Group,Berlin (BER),Rio de... (GIG),1118,1080,2,18:45,07:45,Sunday,6/08/2023
LATAM Airlines Group,Berlin (BER),Rio de... (GIG),1118,1185,2,18:45,09:30,Sunday,6/08/2023
Lufthansa,Berlin (BER),Rio de... (GIG),1163,915,1,08:50,19:05,Sunday,6/08/2023
Lufthansa,Berlin (BER),Rio de... (GIG),1163,1065,1,06:20,19:05,Sunday,6/08/2023
Swiss International Air Lines,Berlin (BER),Rio de... (GIG),1168,1080,2,20:30,09:30,Sunday,6/08/2023
Swiss International Air Lines,Berlin (BER),Rio de... (GIG),1168,1125,2,19:45,09:30,Sunday,6/08/2023
Multiple airlines,Berlin (BER),Rio de... (SDU),1185,1040,2,20:30,08:50,Sunday,6/08/2023
Multiple airlines,Berlin (BER),Rio de... (GIG),1185,1080,2,20:30,09:30,Sunday,6/08/2023
Multiple airlines,Berlin (BER),Rio de... (SDU),1185,1085,2,19:45,08:50,Sunday,6/08/2023
TAP Portugal,Berlin (BER),Rio de... (GIG),546,1080,2,06:00,19:00,Monday,7/08/2023
Multiple airlines,Berlin (BER),Rio de... (SDU),603,1995,2,17:15,21:30,Monday,7/08/2023
TAP Portugal,Berlin (BER),Rio de... (SDU),639,1130,2,06:00,19:50,Monday,7/08/2023
TAP Portugal,Berlin (BER),Rio de... (SDU),639,1255,2,06:00,21:55,Monday,7/08/2023
British Airways,Berlin (BER),Rio de... (GIG),745,1665,1,21:20,20:05,Monday,7/08/2023
TAP Portugal,Berlin (BER),Rio de... (SDU),759,1115,2,06:00,19:35,Monday,7/08/2023
Multiple airlines,Berlin (BER),Rio de... (SDU),759,1115,2,06:00,19:35,Monday,7/08/2023
TAP Portugal,Berlin (BER),Rio de... (SDU),759,1195,2,06:00,20:55,Monday,7/08/2023
TAP Portugal,Berlin (BER),Rio de... (GIG),759,1240,2,06:00,21:40,Monday,7/08/2023
KLM,Berlin (BER),Rio de... (GIG),766,1795,1,18:50,19:45,Monday,7/08/2023
TAP Portugal,Berlin (BER),Rio de... (GIG),800,995,2,17:50,05:25,Monday,7/08/2023
TAP Portugal,Berlin (BER),Rio de... (GIG),807,1000,2,17:45,05:25,Monday,7/08/2023
Multiple airlines,Berlin (BER),Rio de... (GIG),809,1065,2,06:00,18:45,Monday,7/08/2023
TAP Portugal,Berlin (BER),Rio de... (GIG),809,1065,2,06:00,18:45,Monday,7/08/2023
TAP Portugal,Berlin (BER),Rio de... (GIG),834,1030,1,17:15,05:25,Monday,7/08/2023
TAP Portugal,Berlin (BER),Rio de... (GIG),834,1275,1,13:10,05:25,Monday,7/08/2023
TAP Portugal,Berlin (BER),Rio de... (GIG),839,1295,2,06:00,22:35,Monday,7/08/2023
TAP Portugal,Berlin (BER),Rio de... (SDU),839,1355,2,17:15,10:50,Monday,7/08/2023
KLM,Berlin (BER),Rio de... (GIG),853,940,1,09:05,19:45,Monday,7/08/2023
KLM,Berlin (BER),Rio de... (GIG),853,1125,1,06:00,19:45,Monday,7/08/2023
TAP Portugal,Berlin (BER),Rio de... (SDU),894,1355,2,13:10,06:45,Monday,7/08/2023
Air France,Berlin (BER),Rio de... (GIG),953,1100,1,06:15,19:35,Monday,7/08/2023
TAP Portugal,Berlin (BER),Rio de... (GIG),982,1000,2,17:45,05:25,Monday,7/08/2023
TAP Portugal,Berlin (BER),Rio de... (GIG),994,1425,2,13:10,07:55,Monday,7/08/2023
TAP Portugal,Berlin (BER),Rio de... (GIG),1064,1355,2,17:15,10:50,Monday,7/08/2023
TAP Portugal,Berlin (BER),Rio de... (SDU),639,1895,2,17:15,19:50,Tuesday,8/08/2023
TAP Portugal,Berlin (BER),Rio de... (GIG),654,1765,1,17:15,17:40,Tuesday,8/08/2023
KLM,Berlin (BER),Rio de... (GIG),691,1795,1,18:50,19:45,Tuesday,8/08/2023
TAP Portugal,Berlin (BER),Rio de... (GIG),734,1030,1,17:15,05:25,Tuesday,8/08/2023
KLM,Berlin (BER),Rio de... (GIG),766,940,1,09:05,19:45,Tuesday,8/08/2023
KLM,Berlin (BER),Rio de... (GIG),766,1125,1,06:00,19:45,Tuesday,8/08/2023
KLM,Berlin (BER),Rio de... (GIG),766,1685,1,20:40,19:45,Tuesday,8/08/2023
Multiple airlines,Berlin (BER),Rio de... (GIG),772,1550,2,20:50,17:40,Tuesday,8/08/2023
Multiple airlines,Berlin (BER),Rio de... (GIG),772,1610,2,19:50,17:40,Tuesday,8/08/2023
Multiple airlines,Berlin (BER),Rio de... (GIG),779,1555,2,20:45,17:40,Tuesday,8/08/2023
TAP Portugal,Berlin (BER),Rio de... (GIG),800,995,2,17:50,05:25,Tuesday,8/08/2023
British Airways,Berlin (BER),Rio de... (GIG),843,1080,1,07:05,20:05,Tuesday,8/08/2023
Air France,Berlin (BER),Rio de... (GIG),850,1100,1,06:15,19:35,Tuesday,8/08/2023
Air France,Berlin (BER),Rio de... (GIG),860,1685,1,20:30,19:35,Tuesday,8/08/2023
British Airways,Berlin (BER),Rio de... (GIG),956,1675,1,21:10,20:05,Tuesday,8/08/2023
British Airways,Berlin (BER),Rio de... (GIG),956,1735,1,20:10,20:05,Tuesday,8/08/2023
Lufthansa,Berlin (BER),Rio de... (GIG),1163,855,1,09:50,19:05,Tuesday,8/08/2023
Lufthansa,Berlin (BER),Rio de... (GIG),1163,915,1,08:50,19:05,Tuesday,8/08/2023
Lufthansa,Berlin (BER),Rio de... (GIG),1163,1005,1,07:20,19:05,Tuesday,8/08/2023
Swiss International Air Lines,Berlin (BER),Rio de... (GIG),1168,1125,2,19:45,09:30,Tuesday,8/08/2023
Swiss International Air Lines,Berlin (BER),Rio de... (GIG),1168,1185,2,18:45,09:30,Tuesday,8/08/2023
Multiple airlines,Berlin (BER),Rio de... (SDU),1185,1040,2,20:30,08:50,Tuesday,8/08/2023
Multiple airlines,Berlin (BER),Rio de... (SDU),1185,1085,2,19:45,08:50,Tuesday,8/08/2023
Multiple airlines,Berlin (BER),Rio de... (SDU),1185,1115,2,20:30,10:05,Tuesday,8/08/2023
Multiple airlines,Berlin (BER),Rio de... (SDU),1185,1145,2,18:45,08:50,Tuesday,8/08/2023
TAP Portugal,Berlin (BER),Rio de... (GIG),534,1030,1,17:15,05:25,Wednesday,9/08/2023
TAP Portugal,Berlin (BER),Rio de... (GIG),534,1275,1,13:10,05:25,Wednesday,9/08/2023
TAP Portugal,Berlin (BER),Rio de... (GIG),534,1705,1,06:00,05:25,Wednesday,9/08/2023
TAP Portugal,Berlin (BER),Rio de... (GIG),584,1000,1,06:00,17:40,Wednesday,9/08/2023
TAP Portugal,Berlin (BER),Rio de... (GIG),607,1000,2,17:45,05:25,Wednesday,9/08/2023
Multiple airlines,Berlin (BER),Rio de... (SDU),643,1995,2,17:15,21:30,Wednesday,9/08/2023
Multiple airlines,Berlin (BER),Rio de... (SDU),651,1345,2,13:10,06:35,Wednesday,9/08/2023
Multiple airlines,Berlin (BER),Rio de... (GIG),689,1065,2,06:00,18:45,Wednesday,9/08/2023
Multiple airlines,Berlin (BER),Rio de... (SDU),689,1105,2,06:00,19:25,Wednesday,9/08/2023
Multiple airlines,Berlin (BER),Rio de... (SDU),689,1130,2,06:00,19:50,Wednesday,9/08/2023
Multiple airlines,Berlin (BER),Rio de... (GIG),689,1145,2,06:00,20:05,Wednesday,9/08/2023
Multiple airlines,Berlin (BER),Rio de... (SDU),689,1285,2,06:00,22:25,Wednesday,9/08/2023
Multiple airlines,Berlin (BER),Rio de... (SDU),739,1285,2,06:00,22:25,Wednesday,9/08/2023
TAP Portugal,Berlin (BER),Rio de... (SDU),744,1355,2,13:10,06:45,Wednesday,9/08/2023
KLM,Berlin (BER),Rio de... (GIG),766,940,1,09:05,19:45,Wednesday,9/08/2023
KLM,Berlin (BER),Rio de... (GIG),766,1125,1,06:00,19:45,Wednesday,9/08/2023
TAP Portugal,Berlin (BER),Rio de... (GIG),814,1425,2,13:10,07:55,Wednesday,9/08/2023
British Airways,Berlin (BER),Rio de... (GIG),843,1690,1,21:00,20:10,Wednesday,9/08/2023
Air France,Berlin (BER),Rio de... (GIG),850,1100,1,06:15,19:35,Wednesday,9/08/2023
British Airways,Berlin (BER),Rio de... (GIG),956,1060,1,07:25,20:05,Wednesday,9/08/2023
LATAM Airlines Group,Berlin (BER),Rio de... (GIG),1118,1080,2,18:45,07:45,Wednesday,9/08/2023
Iberia,Berlin (BER),Rio de... (GIG),1124,2120,1,11:25,17:45,Wednesday,9/08/2023
Lufthansa,Berlin (BER),Rio de... (GIG),1175,1020,2,19:45,07:45,Wednesday,9/08/2023
Lufthansa,Berlin (BER),Rio de... (GIG),1175,1080,2,18:45,07:45,Wednesday,9/08/2023
Lufthansa,Berlin (BER),Rio de... (GIG),1175,1140,2,17:45,07:45,Wednesday,9/08/2023
TAP Portugal,Berlin (BER),Rio de... (GIG),654,1030,1,17:15,05:25,Thursday,10/08/2023
TAP Portugal,Berlin (BER),Rio de... (GIG),657,1000,2,17:45,05:25,Thursday,10/08/2023
KLM,Berlin (BER),Rio de... (GIG),691,1795,1,18:50,19:45,Thursday,10/08/2023
Multiple airlines,Berlin (BER),Rio de... (GIG),702,1000,2,17:45,05:25,Thursday,10/08/2023
TAP Portugal,Berlin (BER),Rio de... (SDU),759,1880,2,17:15,19:35,Thursday,10/08/2023
Air France,Berlin (BER),Rio de... (GIG),773,1685,1,20:30,19:35,Thursday,10/08/2023
Multiple airlines,Berlin (BER),Rio de... (GIG),802,1695,2,20:30,19:45,Thursday,10/08/2023
Multiple airlines,Berlin (BER),Rio de... (GIG),802,1695,2,20:30,19:45,Thursday,10/08/2023
British Airways,Berlin (BER),Rio de... (GIG),843,1085,1,07:05,20:10,Thursday,10/08/2023
Air France,Berlin (BER),Rio de... (GIG),850,1100,1,06:15,19:35,Thursday,10/08/2023
KLM,Berlin (BER),Rio de... (GIG),853,940,1,09:05,19:45,Thursday,10/08/2023
KLM,Berlin (BER),Rio de... (GIG),853,1125,1,06:00,19:45,Thursday,10/08/2023
KLM,Berlin (BER),Rio de... (GIG),880,1115,2,06:00,19:35,Thursday,10/08/2023
KLM,Berlin (BER),Rio de... (GIG),880,1115,2,06:00,19:35,Thursday,10/08/2023
KLM,Berlin (BER),Rio de... (GIG),880,1115,2,06:00,19:35,Thursday,10/08/2023
KLM,Berlin (BER),Rio de... (SDU),961,1095,2,09:05,22:20,Thursday,10/08/2023
KLM,Berlin (BER),Rio de... (GIG),961,1175,2,09:05,23:40,Thursday,10/08/2023
KLM,Berlin (BER),Rio de... (SDU),961,1280,2,06:00,22:20,Thursday,10/08/2023
KLM,Berlin (BER),Rio de... (GIG),961,1360,2,06:00,23:40,Thursday,10/08/2023
KLM,Berlin (BER),Rio de... (SDU),961,1620,2,09:05,07:05,Thursday,10/08/2023
Iberia,Berlin (BER),Rio de... (GIG),1115,935,1,07:10,17:45,Thursday,10/08/2023
LATAM Airlines Group,Berlin (BER),Rio de... (GIG),1118,1080,2,18:45,07:45,Thursday,10/08/2023
Multiple airlines,Berlin (BER),Rio de... (GIG),1118,1080,2,18:45,07:45,Thursday,10/08/2023
LATAM Airlines Group,Berlin (BER),Rio de... (SDU),1118,1145,2,18:45,08:50,Thursday,10/08/2023
LATAM Airlines Group,Berlin (BER),Rio de... (GIG),1118,1185,2,18:45,09:30,Thursday,10/08/2023
TAP Portugal,Berlin (BER),Rio de... (GIG),534,1765,1,17:15,17:40,Friday,11/08/2023
TAP Portugal,Berlin (BER),Rio de... (GIG),584,1275,1,13:10,05:25,Friday,11/08/2023
TAP Portugal,Berlin (BER),Rio de... (GIG),584,1705,1,06:00,05:25,Friday,11/08/2023
KLM,Berlin (BER),Rio de... (GIG),624,1125,1,06:00,19:45,Friday,11/08/2023
TAP Portugal,Berlin (BER),Rio de... (SDU),654,1355,2,13:10,06:45,Friday,11/08/2023
TAP Portugal,Berlin (BER),Rio de... (GIG),654,1425,2,13:10,07:55,Friday,11/08/2023
TAP Portugal,Berlin (BER),Rio de... (GIG),654,1030,1,17:15,05:25,Friday,11/08/2023
TAP Portugal,Berlin (BER),Rio de... (GIG),689,1065,2,06:00,18:45,Friday,11/08/2023
TAP Portugal,Berlin (BER),Rio de... (SDU),689,1115,2,06:00,19:35,Friday,11/08/2023
Multiple airlines,Berlin (BER),Rio de... (SDU),689,1115,2,06:00,19:35,Friday,11/08/2023
TAP Portugal,Berlin (BER),Rio de... (SDU),689,1195,2,06:00,20:55,Friday,11/08/2023
TAP Portugal,Berlin (BER),Rio de... (GIG),727,1000,2,17:45,05:25,Friday,11/08/2023
TAP Portugal,Berlin (BER),Rio de... (GIG),759,1295,2,06:00,22:35,Friday,11/08/2023
Air France,Berlin (BER),Rio de... (GIG),763,1100,1,06:15,19:35,Friday,11/08/2023
KLM,Berlin (BER),Rio de... (GIG),766,1795,1,18:50,19:45,Friday,11/08/2023
Air France,Berlin (BER),Rio de... (GIG),773,1685,1,20:30,19:35,Friday,11/08/2023
Air France,Berlin (BER),Rio de... (GIG),773,1835,1,18:00,19:35,Friday,11/08/2023
Multiple airlines,Berlin (BER),Rio de... (GIG),802,1110,2,06:15,19:45,Friday,11/08/2023
Multiple airlines,Berlin (BER),Rio de... (GIG),802,1110,2,06:15,19:45,Friday,11/08/2023
TAP Portugal,Berlin (BER),Rio de... (GIG),813,1470,2,13:10,08:40,Friday,11/08/2023
TAP Portugal,Berlin (BER),Rio de... (GIG),813,1745,2,06:00,06:05,Friday,11/08/2023
British Airways,Berlin (BER),Rio de... (GIG),843,1720,1,20:25,20:05,Friday,11/08/2023
KLM,Berlin (BER),Rio de... (GIG),853,1685,1,20:40,19:45,Friday,11/08/2023
LATAM Airlines Group,Berlin (BER),Rio de... (GIG),1118,1080,2,18:45,07:45,Friday,11/08/2023
LATAM Airlines Group,Berlin (BER),Rio de... (SDU),1118,1145,2,18:45,08:50,Friday,11/08/2023
TAP Portugal,Berlin (BER),Rio de... (GIG),534,1000,1,06:00,17:40,Saturday,12/08/2023
TAP Portugal,Berlin (BER),Rio de... (GIG),584,1705,1,06:00,05:25,Saturday,12/08/2023
TAP Portugal,Berlin (BER),Rio de... (GIG),584,1765,1,17:15,17:40,Saturday,12/08/2023
Air France,Berlin (BER),Rio de... (GIG),631,1685,1,20:30,19:35,Saturday,12/08/2023
TAP Portugal,Berlin (BER),Rio de... (GIG),650,995,2,17:50,05:25,Saturday,12/08/2023
TAP Portugal,Berlin (BER),Rio de... (GIG),650,1115,2,15:50,05:25,Saturday,12/08/2023
TAP Portugal,Berlin (BER),Rio de... (GIG),650,1535,2,08:50,05:25,Saturday,12/08/2023
TAP Portugal,Berlin (BER),Rio de... (GIG),654,1030,1,17:15,05:25,Saturday,12/08/2023
TAP Portugal,Berlin (BER),Rio de... (GIG),657,1000,2,17:45,05:25,Saturday,12/08/2023
TAP Portugal,Berlin (BER),Rio de... (GIG),657,1360,2,11:45,05:25,Saturday,12/08/2023
TAP Portugal,Berlin (BER),Rio de... (GIG),657,1600,2,07:45,05:25,Saturday,12/08/2023
TAP Portugal,Berlin (BER),Rio de... (GIG),663,1685,2,06:20,05:25,Saturday,12/08/2023
Multiple airlines,Berlin (BER),Rio de... (GIG),695,995,2,17:50,05:25,Saturday,12/08/2023
Air France,Berlin (BER),Rio de... (GIG),698,1835,1,18:00,19:35,Saturday,12/08/2023
British Airways,Berlin (BER),Rio de... (GIG),745,1685,1,21:00,20:05,Saturday,12/08/2023
British Airways,Berlin (BER),Rio de... (GIG),745,1750,1,19:55,20:05,Saturday,12/08/2023
Air France,Berlin (BER),Rio de... (GIG),763,1100,1,06:15,19:35,Saturday,12/08/2023
KLM,Berlin (BER),Rio de... (GIG),766,1125,1,06:00,19:45,Saturday,12/08/2023
KLM,Berlin (BER),Rio de... (GIG),766,1795,1,18:50,19:45,Saturday,12/08/2023
KLM,Berlin (BER),Rio de... (GIG),766,1875,1,17:30,19:45,Saturday,12/08/2023
KLM,Berlin (BER),Rio de... (GIG),793,1115,2,06:00,19:35,Saturday,12/08/2023
KLM,Berlin (BER),Rio de... (GIG),793,1115,2,06:00,19:35,Saturday,12/08/2023
Multiple airlines,Berlin (BER),Rio de... (GIG),889,1110,2,06:15,19:45,Saturday,12/08/2023
Multiple airlines,Berlin (BER),Rio de... (GIG),889,1110,2,06:15,19:45,Saturday,12/08/2023
KLM,Berlin (BER),Rio de... (GIG),956,940,1,09:05,19:45,Saturday,12/08/2023
TAP Portugal,Berlin (BER),Rio de... (GIG),534,1000,1,06:00,17:40,Sunday,13/08/2023
TAP Portugal,Berlin (BER),Rio de... (GIG),534,1275,1,13:10,05:25,Sunday,13/08/2023
TAP Portugal,Berlin (BER),Rio de... (GIG),534,1705,1,06:00,05:25,Sunday,13/08/2023
Air France,Berlin (BER),Rio de... (GIG),621,1100,1,06:15,19:35,Sunday,13/08/2023
KLM,Berlin (BER),Rio de... (GIG),651,1115,2,06:00,19:35,Sunday,13/08/2023
KLM,Berlin (BER),Rio de... (GIG),651,1115,2,06:00,19:35,Sunday,13/08/2023
KLM,Berlin (BER),Rio de... (GIG),691,1125,1,06:00,19:45,Sunday,13/08/2023
TAP Portugal,Berlin (BER),Rio de... (SDU),694,1355,2,13:10,06:45,Sunday,13/08/2023
Air France,Berlin (BER),Rio de... (GIG),698,1685,1,20:30,19:35,Sunday,13/08/2023
Air France,Berlin (BER),Rio de... (GIG),698,1835,1,18:00,19:35,Sunday,13/08/2023
TAP Portugal,Berlin (BER),Rio de... (GIG),744,1425,2,13:10,07:55,Sunday,13/08/2023
British Airways,Berlin (BER),Rio de... (GIG),745,1075,1,07:10,20:05,Sunday,13/08/2023
KLM,Berlin (BER),Rio de... (GIG),766,1795,1,18:50,19:45,Sunday,13/08/2023
Multiple airlines,Berlin (BER),Rio de... (GIG),801,1695,2,20:30,19:45,Sunday,13/08/2023
Multiple airlines,Berlin (BER),Rio de... (GIG),802,1695,2,20:30,19:45,Sunday,13/08/2023
Multiple airlines,Berlin (BER),Rio de... (GIG),802,1695,2,20:30,19:45,Sunday,13/08/2023
KLM,Berlin (BER),Rio de... (GIG),853,940,1,09:05,19:45,Sunday,13/08/2023
TAP Portugal,Berlin (BER),Rio de... (GIG),893,1315,2,13:10,06:05,Sunday,13/08/2023
TAP Portugal,Berlin (BER),Rio de... (GIG),893,1470,2,13:10,08:40,Sunday,13/08/2023
TAP Portugal,Berlin (BER),Rio de... (GIG),975,995,2,17:50,05:25,Sunday,13/08/2023
Multiple airlines,Berlin (BER),Rio de... (GIG),992,1695,2,20:30,19:45,Sunday,13/08/2023
Multiple airlines,Berlin (BER),Rio de... (GIG),1118,1080,2,18:45,07:45,Sunday,13/08/2023
LATAM Airlines Group,Berlin (BER),Rio de... (GIG),1118,1080,2,18:45,07:45,Sunday,13/08/2023
LATAM Airlines Group,Berlin (BER),Rio de... (GIG),1118,1185,2,18:45,09:30,Sunday,13/08/2023
LATAM Airlines Group,Berlin (BER),Rio de... (SDU),1118,1415,2,18:45,13:20,Sunday,13/08/2023
TAP Portugal,Berlin (BER),Rio de... (GIG),584,1030,1,17:15,05:25,Monday,14/08/2023
TAP Portugal,Berlin (BER),Rio de... (GIG),584,1275,1,13:10,05:25,Monday,14/08/2023
TAP Portugal,Berlin (BER),Rio de... (SDU),599,1115,2,06:00,19:35,Monday,14/08/2023
Multiple airlines,Berlin (BER),Rio de... (SDU),599,1115,2,06:00,19:35,Monday,14/08/2023
TAP Portugal,Berlin (BER),Rio de... (SDU),599,1195,2,06:00,20:55,Monday,14/08/2023
TAP Portugal,Berlin (BER),Rio de... (GIG),599,1295,2,06:00,22:35,Monday,14/08/2023
TAP Portugal,Berlin (BER),Rio de... (SDU),599,1880,2,17:15,19:35,Monday,14/08/2023
TAP Portugal,Berlin (BER),Rio de... (SDU),599,1280,2,06:00,22:20,Monday,14/08/2023
KLM,Berlin (BER),Rio de... (GIG),624,1795,1,18:50,19:45,Monday,14/08/2023
Air France,Berlin (BER),Rio de... (GIG),631,1685,1,20:30,19:35,Monday,14/08/2023
TAP Portugal,Berlin (BER),Rio de... (SDU),639,1130,2,06:00,19:50,Monday,14/08/2023
TAP Portugal,Berlin (BER),Rio de... (SDU),639,1255,2,06:00,21:55,Monday,14/08/2023
TAP Portugal,Berlin (BER),Rio de... (GIG),639,1360,2,06:00,23:40,Monday,14/08/2023
TAP Portugal,Berlin (BER),Rio de... (SDU),639,1375,2,13:10,07:05,Monday,14/08/2023
TAP Portugal,Berlin (BER),Rio de... (GIG),650,995,2,17:50,05:25,Monday,14/08/2023
TAP Portugal,Berlin (BER),Rio de... (SDU),654,1355,2,13:10,06:45,Monday,14/08/2023
TAP Portugal,Berlin (BER),Rio de... (GIG),657,1000,2,17:45,05:25,Monday,14/08/2023
Air France,Berlin (BER),Rio de... (GIG),688,1100,1,06:15,19:35,Monday,14/08/2023
TAP Portugal,Berlin (BER),Rio de... (GIG),689,1065,2,06:00,18:45,Monday,14/08/2023
KLM,Berlin (BER),Rio de... (GIG),691,1125,1,06:00,19:45,Monday,14/08/2023
TAP Portugal,Berlin (BER),Rio de... (GIG),694,1425,2,13:10,07:55,Monday,14/08/2023
KLM,Berlin (BER),Rio de... (GIG),718,1115,2,06:00,19:35,Monday,14/08/2023
KLM,Berlin (BER),Rio de... (GIG),718,1115,2,06:00,19:35,Monday,14/08/2023
KLM,Berlin (BER),Rio de... (GIG),766,940,1,09:05,19:45,Monday,14/08/2023
TAP Portugal,Berlin (BER),Rio de... (GIG),813,1315,2,13:10,06:05,Monday,14/08/2023
TAP Portugal,Berlin (BER),Rio de... (GIG),534,1765,1,17:15,17:40,Tuesday,15/08/2023
TAP Portugal,Berlin (BER),Rio de... (GIG),584,1030,1,17:15,05:25,Tuesday,15/08/2023
TAP Portugal,Berlin (BER),Rio de... (GIG),600,1730,2,17:50,17:40,Tuesday,15/08/2023
TAP Portugal,Berlin (BER),Rio de... (GIG),607,1670,2,18:50,17:40,Tuesday,15/08/2023
KLM,Berlin (BER),Rio de... (GIG),624,1125,1,06:00,19:45,Tuesday,15/08/2023
KLM,Berlin (BER),Rio de... (GIG),624,1685,1,20:40,19:45,Tuesday,15/08/2023
KLM,Berlin (BER),Rio de... (GIG),624,1795,1,18:50,19:45,Tuesday,15/08/2023
TAP Portugal,Berlin (BER),Rio de... (GIG),650,995,2,17:50,05:25,Tuesday,15/08/2023
KLM,Berlin (BER),Rio de... (GIG),651,1115,2,06:00,19:35,Tuesday,15/08/2023
KLM,Berlin (BER),Rio de... (GIG),651,1115,2,06:00,19:35,Tuesday,15/08/2023
TAP Portugal,Berlin (BER),Rio de... (GIG),657,1000,2,17:45,05:25,Tuesday,15/08/2023
Multiple airlines,Berlin (BER),Rio de... (GIG),668,1115,2,06:00,19:35,Tuesday,15/08/2023
Multiple airlines,Berlin (BER),Rio de... (GIG),668,1115,2,06:00,19:35,Tuesday,15/08/2023
Multiple airlines,Berlin (BER),Rio de... (GIG),668,1115,2,06:00,19:35,Tuesday,15/08/2023
Multiple airlines,Berlin (BER),Rio de... (GIG),668,1115,2,06:00,19:35,Tuesday,15/08/2023
KLM,Berlin (BER),Rio de... (GIG),691,940,1,09:05,19:45,Tuesday,15/08/2023
British Airways,Berlin (BER),Rio de... (GIG),745,1675,1,21:10,20:05,Tuesday,15/08/2023
British Airways,Berlin (BER),Rio de... (GIG),745,1735,1,20:10,20:05,Tuesday,15/08/2023
TAP Portugal,Berlin (BER),Rio de... (SDU),759,1355,2,17:15,10:50,Tuesday,15/08/2023
Multiple airlines,Berlin (BER),Rio de... (SDU),759,1355,2,17:15,10:50,Tuesday,15/08/2023
TAP Portugal,Berlin (BER),Rio de... (SDU),759,1370,2,17:15,11:05,Tuesday,15/08/2023
TAP Portugal,Berlin (BER),Rio de... (SDU),759,1640,2,17:15,15:35,Tuesday,15/08/2023
British Airways,Berlin (BER),Rio de... (GIG),843,1080,1,07:05,20:05,Tuesday,15/08/2023
Iberia,Berlin (BER),Rio de... (GIG),964,935,1,07:10,17:45,Tuesday,15/08/2023
Air France,Berlin (BER),Rio de... (SDU),1084,1160,2,20:30,10:50,Tuesday,15/08/2023
TAP Portugal,Berlin (BER),Rio de... (GIG),534,1000,1,06:00,17:40,Wednesday,16/08/2023
TAP Portugal,Berlin (BER),Rio de... (GIG),584,1030,1,17:15,05:25,Wednesday,16/08/2023
TAP Portugal,Berlin (BER),Rio de... (GIG),584,1275,1,13:10,05:25,Wednesday,16/08/2023
TAP Portugal,Berlin (BER),Rio de... (GIG),584,1705,1,06:00,05:25,Wednesday,16/08/2023
Air France,Berlin (BER),Rio de... (GIG),621,1100,1,06:15,19:35,Wednesday,16/08/2023
KLM,Berlin (BER),Rio de... (GIG),624,940,1,09:05,19:45,Wednesday,16/08/2023
KLM,Berlin (BER),Rio de... (GIG),624,1125,1,06:00,19:45,Wednesday,16/08/2023
Air France,Berlin (BER),Rio de... (GIG),631,1685,1,20:30,19:35,Wednesday,16/08/2023
Multiple airlines,Berlin (BER),Rio de... (GIG),668,1115,2,06:00,19:35,Wednesday,16/08/2023
Multiple airlines,Berlin (BER),Rio de... (GIG),668,1115,2,06:00,19:35,Wednesday,16/08/2023
Multiple airlines,Berlin (BER),Rio de... (GIG),668,1115,2,06:00,19:35,Wednesday,16/08/2023
Multiple airlines,Berlin (BER),Rio de... (GIG),668,1115,2,06:00,19:35,Wednesday,16/08/2023
Multiple airlines,Berlin (BER),Rio de... (GIG),668,1115,2,06:00,19:35,Wednesday,16/08/2023
Multiple airlines,Berlin (BER),Rio de... (GIG),668,1115,2,06:00,19:35,Wednesday,16/08/2023
British Airways,Berlin (BER),Rio de... (GIG),745,1060,1,07:25,20:05,Wednesday,16/08/2023
Multiple airlines,Berlin (BER),Rio de... (GIG),818,1545,2,21:00,17:45,Wednesday,16/08/2023
Multiple airlines,Berlin (BER),Rio de... (GIG),818,1545,2,21:00,17:45,Wednesday,16/08/2023
Multiple airlines,Berlin (BER),Rio de... (GIG),845,1545,2,21:00,17:45,Wednesday,16/08/2023
Multiple airlines,Berlin (BER),Rio de... (GIG),845,1545,2,21:00,17:45,Wednesday,16/08/2023
British Airways,Berlin (BER),Rio de... (GIG),956,1690,1,21:00,20:10,Wednesday,16/08/2023
Air France,Berlin (BER),Rio de... (SDU),958,1160,2,20:30,10:50,Wednesday,16/08/2023
Air France,Berlin (BER),Rio de... (SDU),958,1310,2,18:00,10:50,Wednesday,16/08/2023
LATAM Airlines Group,Berlin (BER),Rio de... (GIG),1118,1080,2,18:45,07:45,Wednesday,16/08/2023
LATAM Airlines Group,Berlin (BER),Rio de... (SDU),1118,1145,2,18:45,08:50,Wednesday,16/08/2023
LATAM Airlines Group,Berlin (BER),Rio de... (GIG),1118,1185,2,18:45,09:30,Wednesday,16/08/2023
TAP Portugal,Berlin (BER),Rio de... (GIG),584,1030,1,17:15,05:25,Thursday,17/08/2023
TAP Portugal,Berlin (BER),Rio de... (SDU),599,1880,2,17:15,19:35,Thursday,17/08/2023
TAP Portugal,Berlin (BER),Rio de... (SDU),599,1895,2,17:15,19:50,Thursday,17/08/2023
Air France,Berlin (BER),Rio de... (GIG),621,1100,1,06:15,19:35,Thursday,17/08/2023
KLM,Berlin (BER),Rio de... (GIG),624,940,1,09:05,19:45,Thursday,17/08/2023
KLM,Berlin (BER),Rio de... (GIG),624,1125,1,06:00,19:45,Thursday,17/08/2023
KLM,Berlin (BER),Rio de... (GIG),624,1795,1,18:50,19:45,Thursday,17/08/2023
Air France,Berlin (BER),Rio de... (GIG),631,1685,1,20:30,19:35,Thursday,17/08/2023
Multiple airlines,Berlin (BER),Rio de... (SDU),639,1355,2,17:15,10:50,Thursday,17/08/2023
TAP Portugal,Berlin (BER),Rio de... (SDU),639,1355,2,17:15,10:50,Thursday,17/08/2023
TAP Portugal,Berlin (BER),Rio de... (SDU),639,1370,2,17:15,11:05,Thursday,17/08/2023
TAP Portugal,Berlin (BER),Rio de... (SDU),639,1640,2,17:15,15:35,Thursday,17/08/2023
TAP Portugal,Berlin (BER),Rio de... (GIG),657,1000,2,17:45,05:25,Thursday,17/08/2023
TAP Portugal,Berlin (BER),Rio de... (GIG),689,1355,2,17:15,10:50,Thursday,17/08/2023
Multiple airlines,Berlin (BER),Rio de... (GIG),702,1000,2,17:45,05:25,Thursday,17/08/2023
Iberia,Berlin (BER),Rio de... (GIG),740,935,1,07:10,17:45,Thursday,17/08/2023
British Airways,Berlin (BER),Rio de... (GIG),1097,1085,1,07:05,20:10,Thursday,17/08/2023
Multiple airlines,Berlin (BER),Rio de... (GIG),1118,1080,2,18:45,07:45,Thursday,17/08/2023
LATAM Airlines Group,Berlin (BER),Rio de... (GIG),1118,1080,2,18:45,07:45,Thursday,17/08/2023
LATAM Airlines Group,Berlin (BER),Rio de... (SDU),1118,1145,2,18:45,08:50,Thursday,17/08/2023
LATAM Airlines Group,Berlin (BER),Rio de... (GIG),1118,1185,2,18:45,09:30,Thursday,17/08/2023
LATAM Airlines Group,Berlin (BER),Rio de... (SDU),1118,1220,2,18:45,10:05,Thursday,17/08/2023
LATAM Airlines Group,Berlin (BER),Rio de... (SDU),1118,1415,2,18:45,13:20,Thursday,17/08/2023
LATAM Airlines Group,Berlin (BER),Rio de... (GIG),1118,1465,2,18:45,14:10,Thursday,17/08/2023
LATAM Airlines Group,Berlin (BER),Rio de... (SDU),1118,1590,2,18:45,16:15,Thursday,17/08/2023
TAP Portugal,Berlin (BER),Rio de... (GIG),494,1705,1,06:00,05:25,Friday,18/08/2023
TAP Portugal,Berlin (BER),Rio de... (GIG),534,1765,1,17:15,17:40,Friday,18/08/2023
TAP Portugal,Berlin (BER),Rio de... (GIG),584,1030,1,17:15,05:25,Friday,18/08/2023
TAP Portugal,Berlin (BER),Rio de... (GIG),584,1275,1,13:10,05:25,Friday,18/08/2023
Multiple airlines,Berlin (BER),Rio de... (SDU),599,1115,2,06:00,19:35,Friday,18/08/2023
TAP Portugal,Berlin (BER),Rio de... (SDU),599,1115,2,06:00,19:35,Friday,18/08/2023
TAP Portugal,Berlin (BER),Rio de... (SDU),599,1195,2,06:00,20:55,Friday,18/08/2023
TAP Portugal,Berlin (BER),Rio de... (SDU),599,1130,2,06:00,19:50,Friday,18/08/2023
TAP Portugal,Berlin (BER),Rio de... (GIG),599,1240,2,06:00,21:40,Friday,18/08/2023
TAP Portugal,Berlin (BER),Rio de... (GIG),607,1000,2,17:45,05:25,Friday,18/08/2023
Air France,Berlin (BER),Rio de... (GIG),621,1100,1,06:15,19:35,Friday,18/08/2023
KLM,Berlin (BER),Rio de... (GIG),624,940,1,09:05,19:45,Friday,18/08/2023
KLM,Berlin (BER),Rio de... (GIG),624,1125,1,06:00,19:45,Friday,18/08/2023
Air France,Berlin (BER),Rio de... (GIG),631,1685,1,20:30,19:35,Friday,18/08/2023
Air France,Berlin (BER),Rio de... (GIG),631,1835,1,18:00,19:35,Friday,18/08/2023
Multiple airlines,Berlin (BER),Rio de... (GIG),652,1000,2,17:45,05:25,Friday,18/08/2023
Multiple airlines,Berlin (BER),Rio de... (GIG),668,1115,2,06:00,19:35,Friday,18/08/2023
Multiple airlines,Berlin (BER),Rio de... (GIG),668,1115,2,06:00,19:35,Friday,18/08/2023
KLM,Berlin (BER),Rio de... (GIG),691,1685,1,20:40,19:45,Friday,18/08/2023
KLM,Berlin (BER),Rio de... (GIG),691,1795,1,18:50,19:45,Friday,18/08/2023
British Airways,Berlin (BER),Rio de... (GIG),843,1720,1,20:25,20:05,Friday,18/08/2023
Multiple airlines,Berlin (BER),Rio de... (GIG),845,1580,2,20:25,17:45,Friday,18/08/2023
Multiple airlines,Berlin (BER),Rio de... (GIG),917,1580,2,20:25,17:45,Friday,18/08/2023
Multiple airlines,Berlin (BER),Rio de... (GIG),1118,1080,2,18:45,07:45,Friday,18/08/2023
LATAM Airlines Group,Berlin (BER),Rio de... (GIG),1118,1080,2,18:45,07:45,Friday,18/08/2023
TAP Portugal,Berlin (BER),Rio de... (GIG),534,1000,1,06:00,17:40,Saturday,19/08/2023
TAP Portugal,Berlin (BER),Rio de... (GIG),584,1705,1,06:00,05:25,Saturday,19/08/2023
TAP Portugal,Berlin (BER),Rio de... (GIG),584,1765,1,17:15,17:40,Saturday,19/08/2023
Air France,Berlin (BER),Rio de... (GIG),621,1100,1,06:15,19:35,Saturday,19/08/2023
KLM,Berlin (BER),Rio de... (GIG),624,1795,1,18:50,19:45,Saturday,19/08/2023
Air France,Berlin (BER),Rio de... (GIG),631,1685,1,20:30,19:35,Saturday,19/08/2023
Air France,Berlin (BER),Rio de... (GIG),631,1835,1,18:00,19:35,Saturday,19/08/2023
TAP Portugal,Berlin (BER),Rio de... (GIG),650,995,2,17:50,05:25,Saturday,19/08/2023
KLM,Berlin (BER),Rio de... (GIG),651,1115,2,06:00,19:35,Saturday,19/08/2023
KLM,Berlin (BER),Rio de... (GIG),651,1115,2,06:00,19:35,Saturday,19/08/2023
TAP Portugal,Berlin (BER),Rio de... (GIG),654,1030,1,17:15,05:25,Saturday,19/08/2023
Multiple airlines,Berlin (BER),Rio de... (GIG),659,1695,2,20:30,19:45,Saturday,19/08/2023
Multiple airlines,Berlin (BER),Rio de... (GIG),659,1695,2,20:30,19:45,Saturday,19/08/2023
Multiple airlines,Berlin (BER),Rio de... (GIG),660,1695,2,20:30,19:45,Saturday,19/08/2023
Multiple airlines,Berlin (BER),Rio de... (GIG),660,1695,2,20:30,19:45,Saturday,19/08/2023
Multiple airlines,Berlin (BER),Rio de... (GIG),660,1695,2,20:30,19:45,Saturday,19/08/2023
Multiple airlines,Berlin (BER),Rio de... (GIG),660,1695,2,20:30,19:45,Saturday,19/08/2023
KLM,Berlin (BER),Rio de... (GIG),691,1125,1,06:00,19:45,Saturday,19/08/2023
Multiple airlines,Berlin (BER),Rio de... (GIG),727,1110,2,06:15,19:45,Saturday,19/08/2023
Multiple airlines,Berlin (BER),Rio de... (GIG),727,1110,2,06:15,19:45,Saturday,19/08/2023
Multiple airlines,Berlin (BER),Rio de... (GIG),727,1110,2,06:15,19:45,Saturday,19/08/2023
Multiple airlines,Berlin (BER),Rio de... (GIG),727,1110,2,06:15,19:45,Saturday,19/08/2023
Iberia,Berlin (BER),Rio de... (GIG),740,935,1,07:10,17:45,Saturday,19/08/2023
British Airways,Berlin (BER),Rio de... (GIG),745,1685,1,21:00,20:05,Saturday,19/08/2023
British Airways,Berlin (BER),Rio de... (GIG),745,1750,1,19:55,20:05,Saturday,19/08/2023
TAP Portugal,Berlin (BER),Rio de... (GIG),494,1000,1,06:00,17:40,Sunday,20/08/2023
TAP Portugal,Berlin (BER),Rio de... (GIG),534,1275,1,13:10,05:25,Sunday,20/08/2023
Air France,Berlin (BER),Rio de... (GIG),621,1100,1,06:15,19:35,Sunday,20/08/2023
KLM,Berlin (BER),Rio de... (GIG),624,1125,1,06:00,19:45,Sunday,20/08/2023
KLM,Berlin (BER),Rio de... (GIG),624,1795,1,18:50,19:45,Sunday,20/08/2023
Air France,Berlin (BER),Rio de... (GIG),631,1685,1,20:30,19:35,Sunday,20/08/2023
Air France,Berlin (BER),Rio de... (GIG),631,1835,1,18:00,19:35,Sunday,20/08/2023
KLM,Berlin (BER),Rio de... (GIG),691,940,1,09:05,19:45,Sunday,20/08/2023
British Airways,Berlin (BER),Rio de... (GIG),745,1075,1,07:10,20:05,Sunday,20/08/2023
Multiple airlines,Berlin (BER),Rio de... (GIG),1118,1080,2,18:45,07:45,Sunday,20/08/2023
LATAM Airlines Group,Berlin (BER),Rio de... (GIG),1118,1080,2,18:45,07:45,Sunday,20/08/2023
LATAM Airlines Group,Berlin (BER),Rio de... (SDU),1118,1145,2,18:45,08:50,Sunday,20/08/2023
LATAM Airlines Group,Berlin (BER),Rio de... (GIG),1118,1185,2,18:45,09:30,Sunday,20/08/2023
Multiple airlines,Berlin (BER),Rio de... (SDU),1131,1580,2,11:30,08:50,Sunday,20/08/2023
Iberia,Berlin (BER),Rio de... (SDU),1131,1580,2,11:30,08:50,Sunday,20/08/2023
Iberia,Berlin (BER),Rio de... (GIG),1131,1620,2,11:30,09:30,Sunday,20/08/2023
Multiple airlines,Berlin (BER),Rio de... (GIG),1131,1620,2,11:30,09:30,Sunday,20/08/2023
Iberia,Berlin (BER),Rio de... (SDU),1131,1655,2,11:30,10:05,Sunday,20/08/2023
Multiple airlines,Berlin (BER),Rio de... (GIG),1131,1700,2,11:30,10:50,Sunday,20/08/2023
Multiple airlines,Berlin (BER),Rio de... (SDU),1144,1275,2,16:35,08:50,Sunday,20/08/2023
Multiple airlines,Berlin (BER),Rio de... (GIG),1144,1315,2,16:35,09:30,Sunday,20/08/2023
Multiple airlines,Berlin (BER),Rio de... (SDU),1144,1350,2,16:35,10:05,Sunday,20/08/2023
Multiple airlines,Berlin (BER),Rio de... (SDU),1144,1545,2,16:35,13:20,Sunday,20/08/2023
Multiple airlines,Berlin (BER),Rio de... (GIG),1144,1595,2,16:35,14:10,Sunday,20/08/2023
Multiple airlines,Berlin (BER),Rio de... (SDU),1144,1720,2,16:35,16:15,Sunday,20/08/2023
TAP Portugal,Berlin (BER),Rio de... (GIG),584,1030,1,17:15,05:25,Monday,21/08/2023
TAP Portugal,Berlin (BER),Rio de... (GIG),584,1275,1,13:10,05:25,Monday,21/08/2023
TAP Portugal,Berlin (BER),Rio de... (SDU),599,1115,2,06:00,19:35,Monday,21/08/2023
TAP Portugal,Berlin (BER),Rio de... (SDU),599,1195,2,06:00,20:55,Monday,21/08/2023
TAP Portugal,Berlin (BER),Rio de... (GIG),599,1295,2,06:00,22:35,Monday,21/08/2023
TAP Portugal,Berlin (BER),Rio de... (SDU),599,1130,2,06:00,19:50,Monday,21/08/2023
TAP Portugal,Berlin (BER),Rio de... (GIG),599,1240,2,06:00,21:40,Monday,21/08/2023
TAP Portugal,Berlin (BER),Rio de... (SDU),599,1280,2,06:00,22:20,Monday,21/08/2023
TAP Portugal,Berlin (BER),Rio de... (GIG),599,1360,2,06:00,23:40,Monday,21/08/2023
TAP Portugal,Berlin (BER),Rio de... (SDU),599,1375,2,13:10,07:05,Monday,21/08/2023
Air France,Berlin (BER),Rio de... (GIG),621,1100,1,06:15,19:35,Monday,21/08/2023
KLM,Berlin (BER),Rio de... (GIG),624,940,1,09:05,19:45,Monday,21/08/2023
KLM,Berlin (BER),Rio de... (GIG),624,1125,1,06:00,19:45,Monday,21/08/2023
Air France,Berlin (BER),Rio de... (GIG),631,1685,1,20:30,19:35,Monday,21/08/2023
TAP Portugal,Berlin (BER),Rio de... (GIG),650,995,2,17:50,05:25,Monday,21/08/2023
TAP Portugal,Berlin (BER),Rio de... (SDU),654,1355,2,13:10,06:45,Monday,21/08/2023
TAP Portugal,Berlin (BER),Rio de... (SDU),689,1355,2,17:15,10:50,Monday,21/08/2023
TAP Portugal,Berlin (BER),Rio de... (SDU),689,1370,2,17:15,11:05,Monday,21/08/2023
TAP Portugal,Berlin (BER),Rio de... (GIG),693,1315,2,13:10,06:05,Monday,21/08/2023
TAP Portugal,Berlin (BER),Rio de... (GIG),693,1470,2,13:10,08:40,Monday,21/08/2023
TAP Portugal,Berlin (BER),Rio de... (GIG),694,1425,2,13:10,07:55,Monday,21/08/2023
Multiple airlines,Berlin (BER),Rio de... (GIG),695,995,2,17:50,05:25,Monday,21/08/2023
Iberia,Berlin (BER),Rio de... (GIG),716,1620,1,19:45,17:45,Monday,21/08/2023
British Airways,Berlin (BER),Rio de... (GIG),745,1665,1,21:20,20:05,Monday,21/08/2023
TAP Portugal,Berlin (BER),Rio de... (GIG),759,1355,2,17:15,10:50,Monday,21/08/2023
TAP Portugal,Berlin (BER),Rio de... (GIG),454,1765,1,17:15,17:40,Tuesday,22/08/2023
TAP Portugal,Berlin (BER),Rio de... (GIG),584,1030,1,17:15,05:25,Tuesday,22/08/2023
Air France,Berlin (BER),Rio de... (GIG),621,1100,1,06:15,19:35,Tuesday,22/08/2023
KLM,Berlin (BER),Rio de... (GIG),624,940,1,09:05,19:45,Tuesday,22/08/2023
KLM,Berlin (BER),Rio de... (GIG),624,1125,1,06:00,19:45,Tuesday,22/08/2023
KLM,Berlin (BER),Rio de... (GIG),624,1685,1,20:40,19:45,Tuesday,22/08/2023
KLM,Berlin (BER),Rio de... (GIG),624,1795,1,18:50,19:45,Tuesday,22/08/2023
KLM,Berlin (BER),Rio de... (GIG),624,1875,1,17:30,19:45,Tuesday,22/08/2023
Air France,Berlin (BER),Rio de... (GIG),631,1685,1,20:30,19:35,Tuesday,22/08/2023
Air France,Berlin (BER),Rio de... (GIG),631,1835,1,18:00,19:35,Tuesday,22/08/2023
TAP Portugal,Berlin (BER),Rio de... (GIG),650,995,2,17:50,05:25,Tuesday,22/08/2023
KLM,Berlin (BER),Rio de... (GIG),651,1115,2,06:00,19:35,Tuesday,22/08/2023
KLM,Berlin (BER),Rio de... (GIG),651,1115,2,06:00,19:35,Tuesday,22/08/2023
TAP Portugal,Berlin (BER),Rio de... (GIG),657,1000,2,17:45,05:25,Tuesday,22/08/2023
Multiple airlines,Berlin (BER),Rio de... (GIG),660,1110,2,06:15,19:45,Tuesday,22/08/2023
Multiple airlines,Berlin (BER),Rio de... (GIG),660,1110,2,06:15,19:45,Tuesday,22/08/2023
Multiple airlines,Berlin (BER),Rio de... (GIG),660,1110,2,06:15,19:45,Tuesday,22/08/2023
Multiple airlines,Berlin (BER),Rio de... (GIG),660,1110,2,06:15,19:45,Tuesday,22/08/2023
Iberia,Berlin (BER),Rio de... (GIG),707,935,1,07:10,17:45,Tuesday,22/08/2023
British Airways,Berlin (BER),Rio de... (GIG),745,1080,1,07:05,20:05,Tuesday,22/08/2023
British Airways,Berlin (BER),Rio de... (GIG),745,1675,1,21:10,20:05,Tuesday,22/08/2023
British Airways,Berlin (BER),Rio de... (GIG),843,1735,1,20:10,20:05,Tuesday,22/08/2023
Multiple airlines,Berlin (BER),Rio de... (GIG),958,1080,2,20:30,09:30,Tuesday,22/08/2023
LATAM Airlines Group,Berlin (BER),Rio de... (GIG),1118,1080,2,18:45,07:45,Tuesday,22/08/2023
LATAM Airlines Group,Berlin (BER),Rio de... (SDU),1118,1145,2,18:45,08:50,Tuesday,22/08/2023
TAP Portugal,Berlin (BER),Rio de... (GIG),454,1000,1,06:00,17:40,Wednesday,23/08/2023
TAP Portugal,Berlin (BER),Rio de... (GIG),534,1030,1,17:15,05:25,Wednesday,23/08/2023
TAP Portugal,Berlin (BER),Rio de... (GIG),534,1275,1,13:10,05:25,Wednesday,23/08/2023
TAP Portugal,Berlin (BER),Rio de... (GIG),534,1705,1,06:00,05:25,Wednesday,23/08/2023
Air France,Berlin (BER),Rio de... (GIG),621,1100,1,06:15,19:35,Wednesday,23/08/2023
KLM,Berlin (BER),Rio de... (GIG),624,1125,1,06:00,19:45,Wednesday,23/08/2023
Air France,Berlin (BER),Rio de... (GIG),631,1685,1,20:30,19:35,Wednesday,23/08/2023
KLM,Berlin (BER),Rio de... (GIG),651,1115,2,06:00,19:35,Wednesday,23/08/2023
Multiple airlines,Berlin (BER),Rio de... (GIG),660,1110,2,06:15,19:45,Wednesday,23/08/2023
Multiple airlines,Berlin (BER),Rio de... (GIG),660,1110,2,06:15,19:45,Wednesday,23/08/2023
Multiple airlines,Berlin (BER),Rio de... (GIG),660,1110,2,06:15,19:45,Wednesday,23/08/2023
Multiple airlines,Berlin (BER),Rio de... (GIG),660,1110,2,06:15,19:45,Wednesday,23/08/2023
KLM,Berlin (BER),Rio de... (GIG),718,1115,2,06:00,19:35,Wednesday,23/08/2023
British Airways,Berlin (BER),Rio de... (GIG),745,1690,1,21:00,20:10,Wednesday,23/08/2023
Multiple airlines,Berlin (BER),Rio de... (GIG),818,1545,2,21:00,17:45,Wednesday,23/08/2023
Multiple airlines,Berlin (BER),Rio de... (GIG),818,1545,2,21:00,17:45,Wednesday,23/08/2023
British Airways,Berlin (BER),Rio de... (GIG),843,1060,1,07:25,20:05,Wednesday,23/08/2023
Multiple airlines,Berlin (BER),Rio de... (GIG),845,1545,2,21:00,17:45,Wednesday,23/08/2023
Multiple airlines,Berlin (BER),Rio de... (GIG),845,1545,2,21:00,17:45,Wednesday,23/08/2023
LATAM Airlines Group,Berlin (BER),Rio de... (GIG),1118,1080,2,18:45,07:45,Wednesday,23/08/2023
Multiple airlines,Berlin (BER),Rio de... (GIG),1118,1080,2,18:45,07:45,Wednesday,23/08/2023
LATAM Airlines Group,Berlin (BER),Rio de... (SDU),1118,1145,2,18:45,08:50,Wednesday,23/08/2023
LATAM Airlines Group,Berlin (BER),Rio de... (GIG),1118,1185,2,18:45,09:30,Wednesday,23/08/2023
LATAM Airlines Group,Berlin (BER),Rio de... (SDU),1118,1220,2,18:45,10:05,Wednesday,23/08/2023
LATAM Airlines Group,Berlin (BER),Rio de... (GIG),1118,1275,2,18:45,11:00,Wednesday,23/08/2023
TAP Portugal,Berlin (BER),Rio de... (GIG),466,1855,2,17:15,19:10,Thursday,24/08/2023
TAP Portugal,Berlin (BER),Rio de... (GIG),584,1030,1,17:15,05:25,Thursday,24/08/2023
TAP Portugal,Berlin (BER),Rio de... (GIG),607,1000,2,17:45,05:25,Thursday,24/08/2023
TAP Portugal,Berlin (BER),Rio de... (GIG),607,1420,2,10:45,05:25,Thursday,24/08/2023
TAP Portugal,Berlin (BER),Rio de... (GIG),607,1630,2,07:15,05:25,Thursday,24/08/2023
Air France,Berlin (BER),Rio de... (GIG),621,1100,1,06:15,19:35,Thursday,24/08/2023
KLM,Berlin (BER),Rio de... (GIG),624,1125,1,06:00,19:45,Thursday,24/08/2023
KLM,Berlin (BER),Rio de... (GIG),624,1795,1,18:50,19:45,Thursday,24/08/2023
Air France,Berlin (BER),Rio de... (GIG),631,1685,1,20:30,19:35,Thursday,24/08/2023
Air France,Berlin (BER),Rio de... (GIG),631,1835,1,18:00,19:35,Thursday,24/08/2023
TAP Portugal,Berlin (BER),Rio de... (SDU),639,1355,2,17:15,10:50,Thursday,24/08/2023
TAP Portugal,Berlin (BER),Rio de... (SDU),639,1370,2,17:15,11:05,Thursday,24/08/2023
TAP Portugal,Berlin (BER),Rio de... (SDU),639,1640,2,17:15,15:35,Thursday,24/08/2023
KLM,Berlin (BER),Rio de... (GIG),651,1115,2,06:00,19:35,Thursday,24/08/2023
Multiple airlines,Berlin (BER),Rio de... (GIG),652,1000,2,17:45,05:25,Thursday,24/08/2023
Multiple airlines,Berlin (BER),Rio de... (GIG),652,1060,2,16:45,05:25,Thursday,24/08/2023
Multiple airlines,Berlin (BER),Rio de... (GIG),652,1180,2,14:45,05:25,Thursday,24/08/2023
Multiple airlines,Berlin (BER),Rio de... (GIG),652,1240,2,13:45,05:25,Thursday,24/08/2023
TAP Portugal,Berlin (BER),Rio de... (GIG),689,1355,2,17:15,10:50,Thursday,24/08/2023
KLM,Berlin (BER),Rio de... (GIG),691,940,1,09:05,19:45,Thursday,24/08/2023
Iberia,Berlin (BER),Rio de... (GIG),707,935,1,07:10,17:45,Thursday,24/08/2023
British Airways,Berlin (BER),Rio de... (GIG),745,1085,1,07:05,20:10,Thursday,24/08/2023
Multiple airlines,Berlin (BER),Rio de... (SDU),858,1095,2,09:05,22:20,Thursday,24/08/2023
Multiple airlines,Berlin (BER),Rio de... (GIG),958,1080,2,20:30,09:30,Thursday,24/08/2023
Multiple airlines,Berlin (BER),Rio de... (GIG),1118,1080,2,18:45,07:45,Thursday,24/08/2023
TAP Portugal,Berlin (BER),Rio de... (GIG),466,1090,2,06:00,19:10,Friday,25/08/2023
TAP Portugal,Berlin (BER),Rio de... (GIG),494,1705,1,06:00,05:25,Friday,25/08/2023
TAP Portugal,Berlin (BER),Rio de... (GIG),494,1765,1,17:15,17:40,Friday,25/08/2023
TAP Portugal,Berlin (BER),Rio de... (GIG),534,1030,1,17:15,05:25,Friday,25/08/2023
TAP Portugal,Berlin (BER),Rio de... (GIG),534,1275,1,13:10,05:25,Friday,25/08/2023
Air France,Berlin (BER),Rio de... (GIG),621,1100,1,06:15,19:35,Friday,25/08/2023
KLM,Berlin (BER),Rio de... (GIG),624,940,1,09:05,19:45,Friday,25/08/2023
KLM,Berlin (BER),Rio de... (GIG),624,1125,1,06:00,19:45,Friday,25/08/2023
Air France,Berlin (BER),Rio de... (GIG),631,1685,1,20:30,19:35,Friday,25/08/2023
Multiple airlines,Berlin (BER),Rio de... (GIG),660,1110,2,06:15,19:45,Friday,25/08/2023
Multiple airlines,Berlin (BER),Rio de... (GIG),660,1110,2,06:15,19:45,Friday,25/08/2023
Multiple airlines,Berlin (BER),Rio de... (GIG),660,1110,2,06:15,19:45,Friday,25/08/2023
Multiple airlines,Berlin (BER),Rio de... (GIG),660,1110,2,06:15,19:45,Friday,25/08/2023
KLM,Berlin (BER),Rio de... (GIG),691,1795,1,18:50,19:45,Friday,25/08/2023
KLM,Berlin (BER),Rio de... (GIG),766,1685,1,20:40,19:45,Friday,25/08/2023
British Airways,Berlin (BER),Rio de... (GIG),956,1720,1,20:25,20:05,Friday,25/08/2023
LATAM Airlines Group,Berlin (BER),Rio de... (GIG),1118,1080,2,18:45,07:45,Friday,25/08/2023
Multiple airlines,Berlin (BER),Rio de... (GIG),1118,1080,2,18:45,07:45,Friday,25/08/2023
LATAM Airlines Group,Berlin (BER),Rio de... (SDU),1118,1145,2,18:45,08:50,Friday,25/08/2023
LATAM Airlines Group,Berlin (BER),Rio de... (GIG),1118,1185,2,18:45,09:30,Friday,25/08/2023
LATAM Airlines Group,Berlin (BER),Rio de... (SDU),1118,1220,2,18:45,10:05,Friday,25/08/2023
LATAM Airlines Group,Berlin (BER),Rio de... (GIG),1118,1290,2,18:45,11:15,Friday,25/08/2023
Iberia,Berlin (BER),Rio de... (SDU),1131,1580,2,11:30,08:50,Friday,25/08/2023
Multiple airlines,Berlin (BER),Rio de... (GIG),1144,1460,2,12:25,07:45,Friday,25/08/2023
Multiple airlines,Berlin (BER),Rio de... (SDU),1144,1525,2,12:25,08:50,Friday,25/08/2023
TAP Portugal,Berlin (BER),Rio de... (GIG),494,1000,1,06:00,17:40,Saturday,26/08/2023
TAP Portugal,Berlin (BER),Rio de... (GIG),584,1705,1,06:00,05:25,Saturday,26/08/2023
Air France,Berlin (BER),Rio de... (GIG),621,1100,1,06:15,19:35,Saturday,26/08/2023
KLM,Berlin (BER),Rio de... (GIG),624,1795,1,18:50,19:45,Saturday,26/08/2023
KLM,Berlin (BER),Rio de... (GIG),624,1875,1,17:30,19:45,Saturday,26/08/2023
Air France,Berlin (BER),Rio de... (GIG),631,1685,1,20:30,19:35,Saturday,26/08/2023
Air France,Berlin (BER),Rio de... (GIG),631,1835,1,18:00,19:35,Saturday,26/08/2023
TAP Portugal,Berlin (BER),Rio de... (GIG),650,995,2,17:50,05:25,Saturday,26/08/2023
KLM,Berlin (BER),Rio de... (GIG),651,1115,2,06:00,19:35,Saturday,26/08/2023
KLM,Berlin (BER),Rio de... (GIG),651,1115,2,06:00,19:35,Saturday,26/08/2023
Multiple airlines,Berlin (BER),Rio de... (GIG),659,1695,2,20:30,19:45,Saturday,26/08/2023
Multiple airlines,Berlin (BER),Rio de... (GIG),659,1695,2,20:30,19:45,Saturday,26/08/2023
Multiple airlines,Berlin (BER),Rio de... (GIG),660,1695,2,20:30,19:45,Saturday,26/08/2023
KLM,Berlin (BER),Rio de... (GIG),691,1125,1,06:00,19:45,Saturday,26/08/2023
Multiple airlines,Berlin (BER),Rio de... (GIG),726,1695,2,20:30,19:45,Saturday,26/08/2023
Multiple airlines,Berlin (BER),Rio de... (GIG),726,1695,2,20:30,19:45,Saturday,26/08/2023
Multiple airlines,Berlin (BER),Rio de... (GIG),727,1695,2,20:30,19:45,Saturday,26/08/2023
KLM,Berlin (BER),Rio de... (GIG),853,940,1,09:05,19:45,Saturday,26/08/2023
Iberia,Berlin (BER),Rio de... (GIG),964,935,1,07:10,17:45,Saturday,26/08/2023
Multiple airlines,Berlin (BER),Rio de... (GIG),1020,995,2,17:50,05:25,Saturday,26/08/2023
British Airways,Berlin (BER),Rio de... (GIG),1097,1050,1,07:35,20:05,Saturday,26/08/2023
British Airways,Berlin (BER),Rio de... (GIG),1097,1685,1,21:00,20:05,Saturday,26/08/2023
British Airways,Berlin (BER),Rio de... (GIG),1097,1750,1,19:55,20:05,Saturday,26/08/2023
LATAM Airlines Group,Berlin (BER),Rio de... (GIG),1118,1080,2,18:45,07:45,Saturday,26/08/2023
LATAM Airlines Group,Berlin (BER),Rio de... (SDU),1118,1145,2,18:45,08:50,Saturday,26/08/2023
TAP Portugal,Berlin (BER),Rio de... (GIG),494,1000,1,06:00,17:40,Sunday,27/08/2023
TAP Portugal,Berlin (BER),Rio de... (GIG),494,1705,1,06:00,05:25,Sunday,27/08/2023
TAP Portugal,Berlin (BER),Rio de... (GIG),534,1275,1,13:10,05:25,Sunday,27/08/2023
KLM,Berlin (BER),Rio de... (GIG),624,1125,1,06:00,19:45,Sunday,27/08/2023
Air France,Berlin (BER),Rio de... (GIG),688,1100,1,06:15,19:35,Sunday,27/08/2023
KLM,Berlin (BER),Rio de... (GIG),691,1795,1,18:50,19:45,Sunday,27/08/2023
KLM,Berlin (BER),Rio de... (GIG),718,1115,2,06:00,19:35,Sunday,27/08/2023
KLM,Berlin (BER),Rio de... (GIG),718,1115,2,06:00,19:35,Sunday,27/08/2023
Multiple airlines,Berlin (BER),Rio de... (GIG),727,1110,2,06:15,19:45,Sunday,27/08/2023
Multiple airlines,Berlin (BER),Rio de... (GIG),727,1110,2,06:15,19:45,Sunday,27/08/2023
KLM,Berlin (BER),Rio de... (GIG),766,940,1,09:05,19:45,Sunday,27/08/2023
Air France,Berlin (BER),Rio de... (GIG),860,1685,1,20:30,19:35,Sunday,27/08/2023
Air France,Berlin (BER),Rio de... (GIG),860,1835,1,18:00,19:35,Sunday,27/08/2023
United,Berlin (BER),Rio de... (GIG),1003,1565,2,11:10,08:15,Sunday,27/08/2023
British Airways,Berlin (BER),Rio de... (GIG),1097,1075,1,07:10,20:05,Sunday,27/08/2023
LATAM Airlines Group,Berlin (BER),Rio de... (GIG),1118,1080,2,18:45,07:45,Sunday,27/08/2023
Multiple airlines,Berlin (BER),Rio de... (GIG),1118,1080,2,18:45,07:45,Sunday,27/08/2023
LATAM Airlines Group,Berlin (BER),Rio de... (SDU),1118,1145,2,18:45,08:50,Sunday,27/08/2023
LATAM Airlines Group,Berlin (BER),Rio de... (GIG),1118,1185,2,18:45,09:30,Sunday,27/08/2023
LATAM Airlines Group,Berlin (BER),Rio de... (SDU),1118,1220,2,18:45,10:05,Sunday,27/08/2023
LATAM Airlines Group,Berlin (BER),Rio de... (SDU),1118,1415,2,18:45,13:20,Sunday,27/08/2023
LATAM Airlines Group,Berlin (BER),Rio de... (GIG),1118,1465,2,18:45,14:10,Sunday,27/08/2023
LATAM Airlines Group,Berlin (BER),Rio de... (SDU),1118,1590,2,18:45,16:15,Sunday,27/08/2023
Lufthansa,Berlin (BER),Rio de... (GIG),1163,915,1,08:50,19:05,Sunday,27/08/2023
Lufthansa,Berlin (BER),Rio de... (GIG),1163,1065,1,06:20,19:05,Sunday,27/08/2023
TAP Portugal,Berlin (BER),Rio de... (GIG),466,1080,2,06:00,19:00,Monday,28/08/2023
TAP Portugal,Berlin (BER),Rio de... (GIG),534,1705,1,06:00,05:25,Monday,28/08/2023
TAP Portugal,Berlin (BER),Rio de... (GIG),584,1030,1,17:15,05:25,Monday,28/08/2023
TAP Portugal,Berlin (BER),Rio de... (GIG),584,1275,1,13:10,05:25,Monday,28/08/2023
TAP Portugal,Berlin (BER),Rio de... (SDU),599,1115,2,06:00,19:35,Monday,28/08/2023
TAP Portugal,Berlin (BER),Rio de... (SDU),599,1195,2,06:00,20:55,Monday,28/08/2023
TAP Portugal,Berlin (BER),Rio de... (GIG),599,1295,2,06:00,22:35,Monday,28/08/2023
TAP Portugal,Berlin (BER),Rio de... (SDU),599,1130,2,06:00,19:50,Monday,28/08/2023
TAP Portugal,Berlin (BER),Rio de... (SDU),599,1255,2,06:00,21:55,Monday,28/08/2023
TAP Portugal,Berlin (BER),Rio de... (SDU),599,1280,2,06:00,22:20,Monday,28/08/2023
TAP Portugal,Berlin (BER),Rio de... (GIG),599,1360,2,06:00,23:40,Monday,28/08/2023
TAP Portugal,Berlin (BER),Rio de... (GIG),607,1000,2,17:45,05:25,Monday,28/08/2023
KLM,Berlin (BER),Rio de... (GIG),624,940,1,09:05,19:45,Monday,28/08/2023
KLM,Berlin (BER),Rio de... (GIG),624,1125,1,06:00,19:45,Monday,28/08/2023
KLM,Berlin (BER),Rio de... (GIG),624,1685,1,20:40,19:45,Monday,28/08/2023
Air France,Berlin (BER),Rio de... (GIG),631,1685,1,20:30,19:35,Monday,28/08/2023
TAP Portugal,Berlin (BER),Rio de... (GIG),639,1240,2,06:00,21:40,Monday,28/08/2023
TAP Portugal,Berlin (BER),Rio de... (GIG),650,995,2,17:50,05:25,Monday,28/08/2023
Multiple airlines,Berlin (BER),Rio de... (GIG),695,995,2,17:50,05:25,Monday,28/08/2023
Iberia,Berlin (BER),Rio de... (GIG),716,1620,1,19:45,17:45,Monday,28/08/2023
Air France,Berlin (BER),Rio de... (GIG),763,880,1,09:55,19:35,Monday,28/08/2023
Air France,Berlin (BER),Rio de... (GIG),850,1100,1,06:15,19:35,Monday,28/08/2023
United,Berlin (BER),Rio de... (GIG),1003,1565,2,11:10,08:15,Monday,28/08/2023
British Airways,Berlin (BER),Rio de... (GIG),1097,1665,1,21:20,20:05,Monday,28/08/2023
LATAM Airlines Group,Berlin (BER),Rio de... (GIG),1118,1080,2,18:45,07:45,Monday,28/08/2023
TAP Portugal,Berlin (BER),Rio de... (GIG),454,1765,1,17:15,17:40,Tuesday,29/08/2023
TAP Portugal,Berlin (BER),Rio de... (GIG),584,1030,1,17:15,05:25,Tuesday,29/08/2023
Air France,Berlin (BER),Rio de... (GIG),621,880,1,09:55,19:35,Tuesday,29/08/2023
Air France,Berlin (BER),Rio de... (GIG),621,1100,1,06:15,19:35,Tuesday,29/08/2023
KLM,Berlin (BER),Rio de... (GIG),624,940,1,09:05,19:45,Tuesday,29/08/2023
KLM,Berlin (BER),Rio de... (GIG),624,1125,1,06:00,19:45,Tuesday,29/08/2023
KLM,Berlin (BER),Rio de... (GIG),624,1685,1,20:40,19:45,Tuesday,29/08/2023
KLM,Berlin (BER),Rio de... (GIG),624,1795,1,18:50,19:45,Tuesday,29/08/2023
KLM,Berlin (BER),Rio de... (GIG),624,1875,1,17:30,19:45,Tuesday,29/08/2023
Air France,Berlin (BER),Rio de... (GIG),631,1685,1,20:30,19:35,Tuesday,29/08/2023
Air France,Berlin (BER),Rio de... (GIG),631,1835,1,18:00,19:35,Tuesday,29/08/2023
Air France,Berlin (BER),Rio de... (GIG),631,1995,1,15:20,19:35,Tuesday,29/08/2023
TAP Portugal,Berlin (BER),Rio de... (GIG),657,1000,2,17:45,05:25,Tuesday,29/08/2023
Multiple airlines,Berlin (BER),Rio de... (GIG),702,1000,2,17:45,05:25,Tuesday,29/08/2023
Iberia,Berlin (BER),Rio de... (GIG),707,935,1,07:10,17:45,Tuesday,29/08/2023
United,Berlin (BER),Rio de... (GIG),1003,1565,2,11:10,08:15,Tuesday,29/08/2023
British Airways,Berlin (BER),Rio de... (GIG),1097,1080,1,07:05,20:05,Tuesday,29/08/2023
British Airways,Berlin (BER),Rio de... (GIG),1097,1675,1,21:10,20:05,Tuesday,29/08/2023
British Airways,Berlin (BER),Rio de... (GIG),1097,1735,1,20:10,20:05,Tuesday,29/08/2023
LATAM Airlines Group,Berlin (BER),Rio de... (GIG),1118,1080,2,18:45,07:45,Tuesday,29/08/2023
LATAM Airlines Group,Berlin (BER),Rio de... (SDU),1118,1145,2,18:45,08:50,Tuesday,29/08/2023
LATAM Airlines Group,Berlin (BER),Rio de... (GIG),1118,1185,2,18:45,09:30,Tuesday,29/08/2023
LATAM Airlines Group,Berlin (BER),Rio de... (SDU),1118,1220,2,18:45,10:05,Tuesday,29/08/2023
LATAM Airlines Group,Berlin (BER),Rio de... (SDU),1118,1415,2,18:45,13:20,Tuesday,29/08/2023
LATAM Airlines Group,Berlin (BER),Rio de... (GIG),1118,1465,2,18:45,14:10,Tuesday,29/08/2023
TAP Portugal,Berlin (BER),Rio de... (GIG),454,1000,1,06:00,17:40,Wednesday,30/08/2023
TAP Portugal,Berlin (BER),Rio de... (GIG),534,1030,1,17:15,05:25,Wednesday,30/08/2023
TAP Portugal,Berlin (BER),Rio de... (GIG),534,1275,1,13:10,05:25,Wednesday,30/08/2023
Air France,Berlin (BER),Rio de... (GIG),621,880,1,09:55,19:35,Wednesday,30/08/2023
Air France,Berlin (BER),Rio de... (GIG),621,1100,1,06:15,19:35,Wednesday,30/08/2023
KLM,Berlin (BER),Rio de... (GIG),624,940,1,09:05,19:45,Wednesday,30/08/2023
KLM,Berlin (BER),Rio de... (GIG),624,1125,1,06:00,19:45,Wednesday,30/08/2023
KLM,Berlin (BER),Rio de... (GIG),624,1795,1,18:50,19:45,Wednesday,30/08/2023
Air France,Berlin (BER),Rio de... (GIG),631,1685,1,20:30,19:35,Wednesday,30/08/2023
Air France,Berlin (BER),Rio de... (GIG),631,1835,1,18:00,19:35,Wednesday,30/08/2023
Multiple airlines,Berlin (BER),Rio de... (GIG),818,1545,2,21:00,17:45,Wednesday,30/08/2023
Multiple airlines,Berlin (BER),Rio de... (GIG),818,1545,2,21:00,17:45,Wednesday,30/08/2023
British Airways,Berlin (BER),Rio de... (GIG),843,1690,1,21:00,20:10,Wednesday,30/08/2023
Multiple airlines,Berlin (BER),Rio de... (GIG),845,1545,2,21:00,17:45,Wednesday,30/08/2023
Multiple airlines,Berlin (BER),Rio de... (GIG),845,1545,2,21:00,17:45,Wednesday,30/08/2023
British Airways,Berlin (BER),Rio de... (GIG),956,1060,1,07:25,20:05,Wednesday,30/08/2023
Multiple airlines,Berlin (BER),Rio de... (GIG),1080,1530,2,11:45,08:15,Wednesday,30/08/2023
LATAM Airlines Group,Berlin (BER),Rio de... (GIG),1118,1080,2,18:45,07:45,Wednesday,30/08/2023
LATAM Airlines Group,Berlin (BER),Rio de... (SDU),1118,1145,2,18:45,08:50,Wednesday,30/08/2023
LATAM Airlines Group,Berlin (BER),Rio de... (GIG),1118,1185,2,18:45,09:30,Wednesday,30/08/2023
LATAM Airlines Group,Berlin (BER),Rio de... (SDU),1118,1220,2,18:45,10:05,Wednesday,30/08/2023
LATAM Airlines Group,Berlin (BER),Rio de... (GIG),1118,1275,2,18:45,11:00,Wednesday,30/08/2023
LATAM Airlines Group,Berlin (BER),Rio de... (SDU),1118,1415,2,18:45,13:20,Wednesday,30/08/2023
LATAM Airlines Group,Berlin (BER),Rio de... (GIG),1118,1465,2,18:45,14:10,Wednesday,30/08/2023
United,Berlin (BER),Rio de... (GIG),1123,1565,2,11:10,08:15,Wednesday,30/08/2023
TAP Portugal,Berlin (BER),Rio de... (GIG),584,1030,1,17:15,05:25,Thursday,31/08/2023
Air France,Berlin (BER),Rio de... (GIG),621,880,1,09:55,19:35,Thursday,31/08/2023
Air France,Berlin (BER),Rio de... (GIG),621,1100,1,06:15,19:35,Thursday,31/08/2023
KLM,Berlin (BER),Rio de... (GIG),624,940,1,09:05,19:45,Thursday,31/08/2023
KLM,Berlin (BER),Rio de... (GIG),624,1125,1,06:00,19:45,Thursday,31/08/2023
KLM,Berlin (BER),Rio de... (GIG),624,1685,1,20:40,19:45,Thursday,31/08/2023
KLM,Berlin (BER),Rio de... (GIG),624,1795,1,18:50,19:45,Thursday,31/08/2023
KLM,Berlin (BER),Rio de... (GIG),624,1875,1,17:30,19:45,Thursday,31/08/2023
Air France,Berlin (BER),Rio de... (GIG),631,1685,1,20:30,19:35,Thursday,31/08/2023
Air France,Berlin (BER),Rio de... (GIG),631,1835,1,18:00,19:35,Thursday,31/08/2023
Air France,Berlin (BER),Rio de... (GIG),631,1995,1,15:20,19:35,Thursday,31/08/2023
Iberia,Berlin (BER),Rio de... (GIG),707,935,1,07:10,17:45,Thursday,31/08/2023
British Airways,Berlin (BER),Rio de... (GIG),843,1085,1,07:05,20:10,Thursday,31/08/2023
Multiple airlines,Berlin (BER),Rio de... (GIG),1118,1080,2,18:45,07:45,Thursday,31/08/2023
LATAM Airlines Group,Berlin (BER),Rio de... (GIG),1118,1080,2,18:45,07:45,Thursday,31/08/2023
LATAM Airlines Group,Berlin (BER),Rio de... (SDU),1118,1145,2,18:45,08:50,Thursday,31/08/2023
LATAM Airlines Group,Berlin (BER),Rio de... (GIG),1118,1185,2,18:45,09:30,Thursday,31/08/2023
LATAM Airlines Group,Berlin (BER),Rio de... (SDU),1118,1220,2,18:45,10:05,Thursday,31/08/2023
Multiple airlines,Berlin (BER),Rio de... (SDU),1144,1360,2,15:10,08:50,Thursday,31/08/2023
Multiple airlines,Berlin (BER),Rio de... (GIG),1144,1400,2,15:10,09:30,Thursday,31/08/2023
Multiple airlines,Berlin (BER),Rio de... (SDU),1144,1435,2,15:10,10:05,Thursday,31/08/2023
Multiple airlines,Berlin (BER),Rio de... (GIG),1144,1540,2,11:05,07:45,Thursday,31/08/2023
Multiple airlines,Berlin (BER),Rio de... (SDU),1144,1605,2,11:05,08:50,Thursday,31/08/2023
Multiple airlines,Berlin (BER),Rio de... (SDU),1144,1630,2,15:10,13:20,Thursday,31/08/2023
Multiple airlines,Berlin (BER),Rio de... (GIG),1144,1645,2,11:05,09:30,Thursday,31/08/2023
